Tool,Domain,Tier,Code,Redeem URL
Bundle (All 5 Tools),all,$199,BDL-ADE6-FEFB,https://fixmyweb.dev/redeem
Bundle (All 5 Tools),all,$199,BDL-52A8-F9C0,https://fixmyweb.dev/redeem
Bundle (All 5 Tools),all,$199,BDL-DB87-4120,https://fixmyweb.dev/redeem
Bundle (All 5 Tools),all,$199,BDL-894F-5008,https://fixmyweb.dev/redeem
Bundle (All 5 Tools),all,$199,BDL-2077-DDD3,https://fixmyweb.dev/redeem
Bundle (All 5 Tools),all,$199,BDL-F82F-0857,https://fixmyweb.dev/redeem
Bundle (All 5 Tools),all,$199,BDL-8CAE-95F2,https://fixmyweb.dev/redeem
Bundle (All 5 Tools),all,$199,BDL-65CF-3A53,https://fixmyweb.dev/redeem
Bundle (All 5 Tools),all,$199,BDL-7E61-9FBD,https://fixmyweb.dev/redeem
Bundle (All 5 Tools),all,$199,BDL-277E-A6CA,https://fixmyweb.dev/redeem
Bundle (All 5 Tools),all,$199,BDL-14F5-8F81,https://fixmyweb.dev/redeem
Bundle (All 5 Tools),all,$199,BDL-0986-E9E0,https://fixmyweb.dev/redeem
Bundle (All 5 Tools),all,$199,BDL-1D34-06B2,https://fixmyweb.dev/redeem
Bundle (All 5 Tools),all,$199,BDL-7C31-9FB5,https://fixmyweb.dev/redeem
Bundle (All 5 Tools),all,$199,BDL-ED4B-8877,https://fixmyweb.dev/redeem
Bundle (All 5 Tools),all,$199,BDL-0109-1CF4,https://fixmyweb.dev/redeem
Bundle (All 5 Tools),all,$199,BDL-F2D9-731A,https://fixmyweb.dev/redeem
Bundle (All 5 Tools),all,$199,BDL-B513-F980,https://fixmyweb.dev/redeem
Bundle (All 5 Tools),all,$199,BDL-4368-15F4,https://fixmyweb.dev/redeem
Bundle (All 5 Tools),all,$199,BDL-933F-C582,https://fixmyweb.dev/redeem
Bundle (All 5 Tools),all,$199,BDL-0707-1BAF,https://fixmyweb.dev/redeem
Bundle (All 5 Tools),all,$199,BDL-9840-95F3,https://fixmyweb.dev/redeem
Bundle (All 5 Tools),all,$199,BDL-D58B-6815,https://fixmyweb.dev/redeem
Bundle (All 5 Tools),all,$199,BDL-707C-F9FD,https://fixmyweb.dev/redeem
Bundle (All 5 Tools),all,$199,BDL-78E9-230E,https://fixmyweb.dev/redeem
Bundle (All 5 Tools),all,$199,BDL-4128-BB1B,https://fixmyweb.dev/redeem
Bundle (All 5 Tools),all,$199,BDL-9B32-111A,https://fixmyweb.dev/redeem
Bundle (All 5 Tools),all,$199,BDL-6D8C-A8A1,https://fixmyweb.dev/redeem
Bundle (All 5 Tools),all,$199,BDL-9951-A90E,https://fixmyweb.dev/redeem
Bundle (All 5 Tools),all,$199,BDL-083D-1A76,https://fixmyweb.dev/redeem
Bundle (All 5 Tools),all,$199,BDL-B69C-0040,https://fixmyweb.dev/redeem
Bundle (All 5 Tools),all,$199,BDL-01F3-CC84,https://fixmyweb.dev/redeem
Bundle (All 5 Tools),all,$199,BDL-88F1-304F,https://fixmyweb.dev/redeem
Bundle (All 5 Tools),all,$199,BDL-01BB-156F,https://fixmyweb.dev/redeem
Bundle (All 5 Tools),all,$199,BDL-B181-39A0,https://fixmyweb.dev/redeem
Bundle (All 5 Tools),all,$199,BDL-160B-D235,https://fixmyweb.dev/redeem
Bundle (All 5 Tools),all,$199,BDL-61E1-FD97,https://fixmyweb.dev/redeem
Bundle (All 5 Tools),all,$199,BDL-BB81-B0A1,https://fixmyweb.dev/redeem
Bundle (All 5 Tools),all,$199,BDL-1340-ABE5,https://fixmyweb.dev/redeem
Bundle (All 5 Tools),all,$199,BDL-335A-94E6,https://fixmyweb.dev/redeem
Bundle (All 5 Tools),all,$199,BDL-04A0-6598,https://fixmyweb.dev/redeem
Bundle (All 5 Tools),all,$199,BDL-4AEF-0910,https://fixmyweb.dev/redeem
Bundle (All 5 Tools),all,$199,BDL-0781-422F,https://fixmyweb.dev/redeem
Bundle (All 5 Tools),all,$199,BDL-F6E5-C588,https://fixmyweb.dev/redeem
Bundle (All 5 Tools),all,$199,BDL-742E-A976,https://fixmyweb.dev/redeem
Bundle (All 5 Tools),all,$199,BDL-9455-D74C,https://fixmyweb.dev/redeem
Bundle (All 5 Tools),all,$199,BDL-AB15-87AD,https://fixmyweb.dev/redeem
Bundle (All 5 Tools),all,$199,BDL-6A48-C945,https://fixmyweb.dev/redeem
Bundle (All 5 Tools),all,$199,BDL-E3FA-E87A,https://fixmyweb.dev/redeem
Bundle (All 5 Tools),all,$199,BDL-E129-21FC,https://fixmyweb.dev/redeem
Bundle (All 5 Tools),all,$199,BDL-6919-82BF,https://fixmyweb.dev/redeem
Bundle (All 5 Tools),all,$199,BDL-C7E7-C817,https://fixmyweb.dev/redeem
Bundle (All 5 Tools),all,$199,BDL-847F-0053,https://fixmyweb.dev/redeem
Bundle (All 5 Tools),all,$199,BDL-C057-B626,https://fixmyweb.dev/redeem
Bundle (All 5 Tools),all,$199,BDL-836B-9CA0,https://fixmyweb.dev/redeem
Bundle (All 5 Tools),all,$199,BDL-CB83-8EB9,https://fixmyweb.dev/redeem
Bundle (All 5 Tools),all,$199,BDL-B76B-A5B4,https://fixmyweb.dev/redeem
Bundle (All 5 Tools),all,$199,BDL-8FD3-EC0E,https://fixmyweb.dev/redeem
Bundle (All 5 Tools),all,$199,BDL-E5CA-4F5E,https://fixmyweb.dev/redeem
Bundle (All 5 Tools),all,$199,BDL-6334-4F92,https://fixmyweb.dev/redeem
Bundle (All 5 Tools),all,$199,BDL-5036-D78E,https://fixmyweb.dev/redeem
Bundle (All 5 Tools),all,$199,BDL-63BB-7DFE,https://fixmyweb.dev/redeem
Bundle (All 5 Tools),all,$199,BDL-42AA-4A6E,https://fixmyweb.dev/redeem
Bundle (All 5 Tools),all,$199,BDL-88D4-9A2F,https://fixmyweb.dev/redeem
Bundle (All 5 Tools),all,$199,BDL-28BC-69A5,https://fixmyweb.dev/redeem
Bundle (All 5 Tools),all,$199,BDL-E235-521C,https://fixmyweb.dev/redeem
Bundle (All 5 Tools),all,$199,BDL-D4B7-C4EE,https://fixmyweb.dev/redeem
Bundle (All 5 Tools),all,$199,BDL-0A1A-3AB8,https://fixmyweb.dev/redeem
Bundle (All 5 Tools),all,$199,BDL-AFAF-CC8C,https://fixmyweb.dev/redeem
Bundle (All 5 Tools),all,$199,BDL-928A-FF97,https://fixmyweb.dev/redeem
Bundle (All 5 Tools),all,$199,BDL-2FAD-CC49,https://fixmyweb.dev/redeem
Bundle (All 5 Tools),all,$199,BDL-5FEB-F50A,https://fixmyweb.dev/redeem
Bundle (All 5 Tools),all,$199,BDL-EC68-8C3E,https://fixmyweb.dev/redeem
Bundle (All 5 Tools),all,$199,BDL-6785-F7A9,https://fixmyweb.dev/redeem
Bundle (All 5 Tools),all,$199,BDL-37C9-9636,https://fixmyweb.dev/redeem
Bundle (All 5 Tools),all,$199,BDL-BBF0-EB7C,https://fixmyweb.dev/redeem
Bundle (All 5 Tools),all,$199,BDL-4D8A-F393,https://fixmyweb.dev/redeem
Bundle (All 5 Tools),all,$199,BDL-6889-2865,https://fixmyweb.dev/redeem
Bundle (All 5 Tools),all,$199,BDL-571F-7613,https://fixmyweb.dev/redeem
Bundle (All 5 Tools),all,$199,BDL-B01C-E9D0,https://fixmyweb.dev/redeem
Bundle (All 5 Tools),all,$199,BDL-8D1F-E0FF,https://fixmyweb.dev/redeem
Bundle (All 5 Tools),all,$199,BDL-4646-3BE0,https://fixmyweb.dev/redeem
Bundle (All 5 Tools),all,$199,BDL-E2B4-0651,https://fixmyweb.dev/redeem
Bundle (All 5 Tools),all,$199,BDL-C670-18F6,https://fixmyweb.dev/redeem
Bundle (All 5 Tools),all,$199,BDL-156B-3ECE,https://fixmyweb.dev/redeem
Bundle (All 5 Tools),all,$199,BDL-842A-B11B,https://fixmyweb.dev/redeem
Bundle (All 5 Tools),all,$199,BDL-7ABE-0CB6,https://fixmyweb.dev/redeem
Bundle (All 5 Tools),all,$199,BDL-CFA6-B6D7,https://fixmyweb.dev/redeem
Bundle (All 5 Tools),all,$199,BDL-EF05-DF0D,https://fixmyweb.dev/redeem
Bundle (All 5 Tools),all,$199,BDL-D8AD-F4C8,https://fixmyweb.dev/redeem
Bundle (All 5 Tools),all,$199,BDL-5C5D-1FBB,https://fixmyweb.dev/redeem
Bundle (All 5 Tools),all,$199,BDL-7247-E40B,https://fixmyweb.dev/redeem
Bundle (All 5 Tools),all,$199,BDL-42FA-318B,https://fixmyweb.dev/redeem
Bundle (All 5 Tools),all,$199,BDL-E553-5542,https://fixmyweb.dev/redeem
Bundle (All 5 Tools),all,$199,BDL-FC79-DE69,https://fixmyweb.dev/redeem
Bundle (All 5 Tools),all,$199,BDL-D5FC-DAF2,https://fixmyweb.dev/redeem
Bundle (All 5 Tools),all,$199,BDL-1C62-1DA8,https://fixmyweb.dev/redeem
Bundle (All 5 Tools),all,$199,BDL-F2D1-E6D1,https://fixmyweb.dev/redeem
Bundle (All 5 Tools),all,$199,BDL-8FFB-612E,https://fixmyweb.dev/redeem
Bundle (All 5 Tools),all,$199,BDL-D85C-BC2C,https://fixmyweb.dev/redeem